Date,Time,Server,Channel,UserID,Sender,Message
2024-11-07,21:27:53,DM,DM,450133451287298068,darknessln,Hello World
2024-11-07,21:31:03,DM,DM,450133451287298068,darknessln,l;ylfuohkk
2024-11-07,22:11:45,Lunar,bot-test,1293592919357522031,Proxima#6947,‡∏´‡∏ô‡∏π‡∏´‡∏≤‡∏Ç‡πâ‡∏≠‡∏Ñ‡∏ß‡∏≤‡∏°‡πÑ‡∏°‡πà‡πÄ‡∏à‡∏≠‡∏≠‡πà‡∏∞‡∏Ñ‡∏∞
2024-11-07,22:11:54,Lunar,bot-test,450133451287298068,darknessln,l;ylfu0hkk
2024-11-07,22:12:03,Lunar,bot-test,1293592919357522031,Proxima#6947,‡∏´‡∏ô‡∏π‡∏´‡∏≤‡∏Ç‡πâ‡∏≠‡∏Ñ‡∏ß‡∏≤‡∏°‡πÑ‡∏°‡πà‡πÄ‡∏à‡∏≠‡∏≠‡πà‡∏∞‡∏Ñ‡∏∞
2024-11-07,22:14:31,Lunar,bot-test,1293592919357522031,Proxima#6947,‡∏™‡∏ß‡∏±‡∏™‡∏î‡∏µ‡∏à‡πâ‡∏≤‡∏≤
2024-11-07,22:15:34,Lunar,bot-test,450133451287298068,darknessln,l;ylfuohkk
2024-11-07,22:15:39,Lunar,bot-test,1293592919357522031,Proxima#6947,‡∏™‡∏ß‡∏±‡∏™‡∏î‡∏µ‡∏à‡πâ‡∏≤‡∏≤
2024-11-07,22:17:08,Lunar,bot-test,1293592919357522031,Proxima#6947,‡∏™‡∏ß‡∏±‡∏™‡∏î‡∏µ‡∏ô‡πâ‡∏≤‡∏≤
2024-11-07,22:17:14,Lunar,bot-test,450133451287298068,darknessln,gph;;;;
2024-11-07,22:17:22,Lunar,bot-test,1293592919357522031,Proxima#6947,‡∏™‡∏ß‡∏±‡∏™‡∏î‡∏µ‡∏ô‡πâ‡∏≤‡∏≤
2024-11-07,22:18:49,Lunar,bot-test,450133451287298068,darknessln,"gv,b0;k''"
2024-11-07,22:18:52,Lunar,bot-test,450133451287298068,darknessln,/
2024-11-07,22:18:56,Lunar,bot-test,1293592919357522031,Proxima#6947,‡πÄ‡∏≠‡∏°‡∏¥‡∏à‡∏ß‡∏≤‡∏á‡∏á
2024-11-07,22:19:08,Lunar,lunar-testerüß™,1293592919357522031,Proxima#6947,‡∏´‡∏ô‡∏π‡∏´‡∏≤‡∏Ç‡πâ‡∏≠‡∏Ñ‡∏ß‡∏≤‡∏°‡πÑ‡∏°‡πà‡πÄ‡∏à‡∏≠‡∏≠‡πà‡∏∞‡∏Ñ‡∏∞
2024-11-07,22:19:19,Lunar,bot-test,1293592919357522031,Proxima#6947,‡πÄ‡∏≠‡∏°‡∏¥‡∏à‡∏ß‡∏≤‡∏á‡∏á
2024-11-07,22:19:24,Lunar,bot-test,450133451287298068,darknessln,gph;;;;
2024-11-07,22:19:27,Lunar,bot-test,1293592919357522031,Proxima#6947,‡πÄ‡∏≠‡∏°‡∏¥‡∏à‡∏ß‡∏≤‡∏á‡∏á
2024-11-07,22:20:38,Lunar,bot-test,1293592919357522031,Proxima#6947,‡πÄ‡∏¢‡πâ‡∏ß‡∏ß‡∏ß‡∏ß
2024-11-07,22:21:09,Lunar,bot-test,450133451287298068,darknessln,l;ylfuohk
2024-11-07,22:21:14,Lunar,bot-test,1293592919357522031,Proxima#6947,‡πÄ‡∏¢‡πâ‡∏ß‡∏ß‡∏ß‡∏ß
2024-11-07,22:21:21,Lunar,bot-test,1293592919357522031,Proxima#6947,‡∏™‡∏ß‡∏±‡∏™‡∏î‡∏µ‡∏ô‡πâ‡∏≤
2024-11-07,22:21:28,Lunar,bot-test,1293592919357522031,Proxima#6947,‡πÄ‡∏¢‡πâ‡∏ß‡∏ß‡∏ß‡∏ß
2024-11-07,22:21:41,Lunar,bot-test,1293592919357522031,Proxima#6947,‡∏™‡∏ß‡∏±‡∏™‡∏î‡∏µ‡∏ô‡πâ‡∏≤
2024-11-07,22:21:46,Lunar,bot-test,1293592919357522031,Proxima#6947,‡πÄ‡∏¢‡πâ‡∏ß‡∏ß‡∏ß‡∏ß
2024-11-07,22:22:47,Lunar,bot-test,1293592919357522031,Proxima#6947,‡∏™‡∏ß‡∏±‡∏™‡∏î‡∏µ‡∏ô‡πâ‡∏≤
2024-11-07,22:22:52,Lunar,bot-test,1293592919357522031,Proxima#6947,‡πÄ‡∏¢‡πâ‡∏ß‡∏ß‡∏ß‡∏ß
2024-11-07,22:22:57,Lunar,bot-test,1293592919357522031,Proxima#6947,‡∏™‡∏ß‡∏±‡∏™‡∏î‡∏µ‡∏ô‡πâ‡∏≤
2024-11-07,22:23:01,Lunar,bot-test,1293592919357522031,Proxima#6947,‡πÄ‡∏¢‡πâ‡∏ß‡∏ß‡∏ß‡∏ß
2024-11-07,22:23:19,Lunar,bot-test,450133451287298068,darknessln,vkikpgoujppp
2024-11-07,22:23:26,Lunar,bot-test,1293592919357522031,Proxima#6947,‡πÄ‡∏¢‡πâ‡∏ß‡∏ß‡∏ß‡∏ß
2024-11-07,22:23:33,Lunar,bot-test,1293592919357522031,Proxima#6947,‡∏≠‡∏≤‡∏£‡∏≤‡∏¢‡πÄ‡∏ô‡∏µ‡πà‡∏¢‡∏¢‡∏¢
2024-11-07,22:33:33,Lunar,bot-test,450133451287298068,darknessln,
2024-11-08,09:04:51,Lunar,bot-test,450133451287298068,darknessln,mevkikpvp6j
2024-11-08,09:07:01,Lunar,bot-test,1293592919357522031,Proxima#6947,‡∏∑‡∏ü‡∏∑
2024-11-08,09:07:25,Lunar,bot-test,450133451287298068,darknessln,vtwi0hk
2024-11-08,09:07:31,Lunar,bot-test,1293592919357522031,Proxima#6947,‡∏∑‡∏ü‡∏∑
2024-11-08,09:08:32,Lunar,bot-test,1293592919357522031,Proxima#6947,‡∏≠‡∏∞‡πÑ‡∏£‡∏à‡πâ‡∏≤
2024-11-08,09:09:06,Other,bot-test,450133451287298068,darknessln,l;ylfupN
2024-11-08,09:09:11,Lunar,bot-test,1293592919357522031,Proxima#6947,‡∏≠‡∏∞‡πÑ‡∏£‡∏à‡πâ‡∏≤
2024-11-08,09:29:01,Lunar,bot-test,450133451287298068,darknessln,l;ylfupN
2024-11-08,09:29:05,Lunar,bot-test,1293592919357522031,Proxima#6947,‡∏™‡∏ß‡∏±‡∏™‡∏î‡∏µ‡∏¢‡πå
2024-11-08,09:29:10,Lunar,bot-test,450133451287298068,darknessln,gpjqq
2024-11-08,09:29:13,Lunar,bot-test,1293592919357522031,Proxima#6947,‡πÄ‡∏¢‡πà‡πÜ‡πÜ
2024-11-08,09:29:13,Lunar,bot-test,719416126769201212,Lunar#5844,‡πÄ‡∏¢‡πà‡πÜ‡πÜ:smile:
2024-11-08,09:31:38,DM,DM,450133451287298068,darknessln,l;ylfupN
2024-11-08,09:34:47,DM,DM,1293592919357522031,Proxima#6947,‡∏™‡∏ß‡∏±‡∏™‡∏î‡∏µ‡∏¢‡πå
2024-11-08,09:35:14,DM,DM,450133451287298068,darknessln,GPH;
2024-11-08,09:35:17,DM,DM,450133451287298068,darknessln,gph;
2024-11-08,09:35:20,DM,DM,1293592919357522031,Proxima#6947,‡πÄ‡∏¢‡πâ‡∏ß
2024-11-08,09:37:43,DM,DM,450133451287298068,darknessln,c'h;
2024-11-08,09:48:01,DM,DM,450133451287298068,darknessln,‡πÅ‡∏õ‡∏•
2024-11-08,09:49:16,DM,DM,450133451287298068,darknessln,‡πÅ‡∏õ‡∏•
2024-11-08,09:49:54,DM,DM,450133451287298068,darknessln,‡πÅ‡∏õ‡∏•
2024-11-08,09:49:55,DM,DM,1293592919357522031,Proxima#6947,‡∏í?‡∏≥‡∏´‡∏´‡∏ü‡πÄ‡∏≥ ‡∏£‡∏Å‡∏ä‡πÖ_‡∏à‡∏†/‡∏∂_‡∏∏/‡∏à‡∏ï‡∏†_‡∏∂‡∏∏‡∏ï‡∏∂‡∏à‡∏† ‡πÅ‡πâ‡∏ü‡∏∑‡∏∑‡∏≥‡∏™‡∏ä‡∏í‡∏è?‡∏â‡πâ‡∏ü‡∏∑‡∏∑‡∏≥‡∏™ ‡∏£‡∏Å‡∏ä‡πÖ_‡∏à_/‡∏†‡∏∂‡∏∏‡πÖ‡∏ï‡∏∂‡∏Ñ/‡∏†‡∏∂‡∏ï‡∏ï/_ ‡∏û‡∏≥‡πÅ‡∏£‡∏¢‡∏£‡∏≥‡∏∑‡∏∞‡∏ä‡πå‡∏ô‡∏∑‡∏≥‡∏¨ ‡∏∞‡∏±‡∏¢‡∏≥‡∏ä‡∏í?‡∏≥‡∏´‡∏´‡∏ü‡πÄ‡∏≥‡∏ò‡∏±‡∏¢‡∏≥‡πÉ‡∏Å‡∏≥‡∏î‡∏ü‡∏µ‡∏™‡∏∞‡∏ã ‡∏à‡∏¨ ‡∏ü‡∏µ‡∏∞‡πâ‡∏ô‡∏û‡∏ä‡∏í‡πä‡∏´‡∏≥‡∏û ‡∏£‡∏Å‡∏ä‡∏†‡∏ñ‡∏à‡πÖ__‡∏†‡∏ñ‡πÖ/‡∏Ñ‡∏∂/‡∏ï‡∏Ñ‡∏à‡∏∏‡∏Ñ ‡∏∑‡∏ü‡∏ó‡∏≥‡∏ä‡∏á‡∏Å‡∏ü‡∏û‡∏≤‡∏∑‡∏≥‡∏´‡∏´‡∏™‡∏∑‡∏á ‡πÄ‡∏™‡∏ô‡∏¥‡∏ü‡∏™8‡∏∑‡∏ü‡∏ó‡∏≥‡∏ä‡∏á‡∏è‡∏ü‡∏û‡∏≤‡∏∑‡∏≥‡∏´‡∏´‡∏™‡∏∑‡∏á ‡∏¥‡∏ô‡∏∞‡∏ä‡πÇ‡∏ü‡∏™‡∏´‡∏≥‡∏¨ ‡∏î‡∏™‡∏ü‡πÄ‡∏´‡∏ä‡∏í?‡∏≥‡∏´‡∏´‡∏ü‡πÄ‡∏≥‡πÇ‡∏™‡∏ü‡πÄ‡∏´ ‡∏≠‡∏ü‡∏™‡∏µ‡∏≥‡∏ä‡∏à‡∏¨‡∏¨
2024-11-08,09:50:40,DM,DM,450133451287298068,darknessln,‡πÅ‡∏õ‡∏•
2024-11-08,09:50:41,DM,DM,1293592919357522031,Proxima#6947,‡∏í?‡∏≥‡∏´‡∏´‡∏ü‡πÄ‡∏≥ ‡∏£‡∏Å‡∏ä‡πÖ_‡∏à‡∏†/‡∏∂_‡∏∏/‡∏à‡∏ï‡∏†_‡∏∂‡∏∏‡∏ï‡∏∂‡∏à‡∏† ‡πÅ‡πâ‡∏ü‡∏∑‡∏∑‡∏≥‡∏™‡∏ä‡∏í‡∏è?‡∏â‡πâ‡∏ü‡∏∑‡∏∑‡∏≥‡∏™ ‡∏£‡∏Å‡∏ä‡πÖ_‡∏à_/‡∏†‡∏∂‡∏∏‡πÖ‡∏ï‡∏∂‡∏Ñ/‡∏†‡∏∂‡∏ï‡∏ï/_ ‡∏û‡∏≥‡πÅ‡∏£‡∏¢‡∏£‡∏≥‡∏∑‡∏∞‡∏ä‡πå‡∏ô‡∏∑‡∏≥‡∏¨ ‡∏∞‡∏±‡∏¢‡∏≥‡∏ä‡∏í?‡∏≥‡∏´‡∏´‡∏ü‡πÄ‡∏≥‡∏ò‡∏±‡∏¢‡∏≥‡πÉ‡∏Å‡∏≥‡∏î‡∏ü‡∏µ‡∏™‡∏∞‡∏ã ‡∏à‡∏¨ ‡∏ü‡∏µ‡∏∞‡πâ‡∏ô‡∏û‡∏ä‡∏í‡πä‡∏´‡∏≥‡∏û ‡∏£‡∏Å‡∏ä‡∏†‡∏ñ‡∏à‡πÖ__‡∏†‡∏ñ‡πÖ/‡∏Ñ‡∏∂/‡∏ï‡∏Ñ‡∏à‡∏∏‡∏Ñ ‡∏∑‡∏ü‡∏ó‡∏≥‡∏ä‡∏á‡∏Å‡∏ü‡∏û‡∏≤‡∏∑‡∏≥‡∏´‡∏´‡∏™‡∏∑‡∏á ‡πÄ‡∏™‡∏ô‡∏¥‡∏ü‡∏™8‡∏∑‡∏ü‡∏ó‡∏≥‡∏ä‡∏á‡∏è‡∏ü‡∏û‡∏≤‡∏∑‡∏≥‡∏´‡∏´‡∏™‡∏∑‡∏á ‡∏¥‡∏ô‡∏∞‡∏ä‡πÇ‡∏ü‡∏™‡∏´‡∏≥‡∏¨ ‡∏î‡∏™‡∏ü‡πÄ‡∏´‡∏ä‡∏í?‡∏≥‡∏´‡∏´‡∏ü‡πÄ‡∏≥‡πÇ‡∏™‡∏ü‡πÄ‡∏´ ‡∏≠‡∏ü‡∏™‡∏µ‡∏≥‡∏ä‡∏à‡∏¨‡∏¨
2024-11-08,09:56:23,DM,DM,450133451287298068,darknessln,‡πÅ‡∏õ‡∏•
2024-11-08,09:56:57,DM,DM,450133451287298068,darknessln,‡πÅ‡∏õ‡∏•
2024-11-08,09:57:55,DM,DM,450133451287298068,darknessln,l;ylfuwmp
2024-11-08,09:58:02,DM,DM,450133451287298068,darknessln,‡πÅ‡∏õ‡∏•
2024-11-08,10:02:50,Lunar,bot-test,450133451287298068,darknessln,‡πÅ‡∏õ‡∏•‡πÄ‡∏õ‡∏ô‡πÑ‡∏ó‡∏¢
2024-11-08,10:02:52,Lunar,bot-test,1293592919357522031,Proxima#6947,‡πÄ‡∏¢‡πà‡πÜ‡πÜ
2024-11-08,10:02:52,Lunar,bot-test,719416126769201212,Lunar#5844,‡∏¢‡∏¥‡∏ô‡∏î‡∏µ‡∏î‡πâ‡∏ß‡∏¢‡∏Ñ‡πà‡∏≤:smile:
2024-11-08,10:03:14,Lunar,bot-test,450133451287298068,darknessln,‡πÅ‡∏õ‡∏•‡πÄ‡∏õ‡∏ô‡∏≠‡∏±‡∏á‡∏Å‡∏¥‡∏î
2024-11-08,10:03:15,Lunar,bot-test,1293592919357522031,Proxima#6947,nan
2024-11-08,10:04:46,Lunar,bot-test,450133451287298068,darknessln,l;ylfu
2024-11-08,10:04:52,Lunar,bot-test,450133451287298068,darknessln,‡πÅ‡∏õ‡∏•
2024-11-08,10:04:53,Lunar,bot-test,1293592919357522031,Proxima#6947,‡∏™‡∏ß‡∏±‡∏™‡∏î‡∏µ
2024-11-08,10:05:15,Lunar,bot-test,450133451287298068,darknessln,‡πâ‡∏≥‡∏™‡∏™‡∏ô ‡∏∞‡πâ‡∏£‡∏´ ‡∏£‡∏´ ‡∏ü ‡∏ó‡∏≥‡∏´‡∏´‡∏ü‡πÄ‡∏≥
2024-11-08,10:05:26,Lunar,bot-test,450133451287298068,darknessln,‡πÅ‡∏õ‡∏•‡πÄ‡∏õ‡∏ô‡∏≠‡∏±‡∏á‡∏Å‡∏¥‡∏î
2024-11-08,10:05:28,Lunar,bot-test,1293592919357522031,Proxima#6947,hello this is a message
2024-11-08,10:06:00,Lunar,bot-test,1293592919357522031,Proxima#6947,
2024-11-08,10:16:31,DM,DM,450133451287298068,darknessln,l;ylfu0ihk
2024-11-08,10:16:43,DM,DM,1293592919357522031,Proxima#6947,‡∏´‡∏ô‡∏π‡∏´‡∏≤‡∏Ç‡πâ‡∏≠‡∏Ñ‡∏ß‡∏≤‡∏°‡πÑ‡∏°‡πà‡πÄ‡∏à‡∏≠‡∏≠‡πà‡∏∞‡∏Ñ‡∏∞
2024-11-08,10:18:56,DM,DM,450133451287298068,darknessln,l;ylfu0ihk
2024-11-08,10:19:01,DM,DM,1293592919357522031,Proxima#6947,‡∏´‡∏ô‡∏π‡∏´‡∏≤‡∏Ç‡πâ‡∏≠‡∏Ñ‡∏ß‡∏≤‡∏°‡πÑ‡∏°‡πà‡πÄ‡∏à‡∏≠‡∏≠‡πà‡∏∞‡∏Ñ‡∏∞
2024-11-08,10:20:24,DM,DM,450133451287298068,darknessln,gph;
2024-11-08,10:20:28,DM,DM,1293592919357522031,Proxima#6947,‡∏´‡∏ô‡∏π‡∏´‡∏≤‡∏Ç‡πâ‡∏≠‡∏Ñ‡∏ß‡∏≤‡∏°‡πÑ‡∏°‡πà‡πÄ‡∏à‡∏≠‡∏≠‡πà‡∏∞‡∏Ñ‡∏∞
2024-11-08,10:21:29,DM,DM,450133451287298068,darknessln,Vnvvvvv
2024-11-08,10:21:33,DM,DM,1293592919357522031,Proxima#6947,‡∏´‡∏ô‡∏π‡∏´‡∏≤‡∏Ç‡πâ‡∏≠‡∏Ñ‡∏ß‡∏≤‡∏°‡πÑ‡∏°‡πà‡πÄ‡∏à‡∏≠‡∏≠‡πà‡∏∞‡∏Ñ‡∏∞
2024-11-08,10:23:01,DM,DM,450133451287298068,darknessln,c'''''
2024-11-08,10:23:07,DM,DM,1293592919357522031,Proxima#6947,‡∏´‡∏ô‡∏π‡∏´‡∏≤‡∏Ç‡πâ‡∏≠‡∏Ñ‡∏ß‡∏≤‡∏°‡πÑ‡∏°‡πà‡πÄ‡∏à‡∏≠‡∏≠‡πà‡∏∞‡∏Ñ‡∏∞
2024-11-08,10:24:24,DM,DM,450133451287298068,darknessln,Vinvvv
2024-11-08,10:24:27,DM,DM,1293592919357522031,Proxima#6947,‡∏´‡∏ô‡∏π‡∏´‡∏≤‡∏Ç‡πâ‡∏≠‡∏Ñ‡∏ß‡∏≤‡∏°‡πÑ‡∏°‡πà‡πÄ‡∏à‡∏≠‡∏≠‡πà‡∏∞‡∏Ñ‡∏∞
2024-11-08,10:25:33,DM,DM,450133451287298068,darknessln,‡πÅ‡∏õ‡∏•
2024-11-08,10:25:44,DM,DM,1293592919357522031,Proxima#6947,‡∏´‡∏ô‡∏π‡∏´‡∏≤‡∏Ç‡πâ‡∏≠‡∏Ñ‡∏ß‡∏≤‡∏°‡πÑ‡∏°‡πà‡πÄ‡∏à‡∏≠‡∏≠‡πà‡∏∞‡∏Ñ‡∏∞
2024-11-08,10:29:25,DM,DM,450133451287298068,darknessln,Vjkq
2024-11-08,10:29:30,DM,DM,1293592919357522031,Proxima#6947,‡∏´‡∏ô‡∏π‡∏´‡∏≤‡∏Ç‡πâ‡∏≠‡∏Ñ‡∏ß‡∏≤‡∏°‡πÑ‡∏°‡πà‡πÄ‡∏à‡∏≠‡∏≠‡πà‡∏∞‡∏Ñ‡∏∞
2024-11-08,10:31:57,DM,DM,450133451287298068,darknessln,l;ylfupppp
2024-11-08,10:32:01,DM,DM,1293592919357522031,Proxima#6947,‡∏™‡∏ß‡∏±‡∏™‡∏î‡∏µ‡∏¢‡∏¢‡∏¢‡∏¢
2024-11-08,10:32:05,DM,DM,450133451287298068,darknessln,"gph,"
2024-11-08,10:32:08,DM,DM,1293592919357522031,Proxima#6947,‡πÄ‡∏¢‡πâ‡∏°
2024-11-08,10:32:28,Lunar,bot-test,450133451287298068,darknessln,‡πÅ‡∏õ‡∏•
2024-11-08,10:32:37,Lunar,bot-test,450133451287298068,darknessln,c'h;
2024-11-08,10:32:46,Lunar,bot-test,1293592919357522031,Proxima#6947,‡πÅ‡∏á‡πâ‡∏ß
2024-11-08,10:32:47,Lunar,bot-test,719416126769201212,Lunar#5844,‡∏™‡∏∏‡πâ‡πÜ‡∏ô‡∏∞‡∏Ñ‡∏∞:innocent:
2024-11-08,10:37:10,Lunar,bot-test,1293592919357522031,Proxima#6947,‡∏™‡∏∏‡πâ‡πÜ‡∏ô‡∏∞‡∏Ñ‡∏∞‡∏ã‡∏£‡∏∑‡∏∑‡∏ô‡πÅ‡∏≥‡∏∑‡∏∞‡∏ã
2024-11-08,10:37:30,Lunar,bot-test,1293592919357522031,Proxima#6947,‡∏™‡∏∏‡πâ‡πÜ‡∏ô‡∏∞‡∏Ñ‡∏∞‡∏ã‡∏£‡∏∑‡∏∑‡∏ô‡πÅ‡∏≥‡∏∑‡∏∞‡∏ã
2024-11-08,10:37:45,Lunar,bot-test,450133451287298068,darknessln,‡πÅ‡∏õ‡∏•
2024-11-08,10:37:47,Lunar,bot-test,1293592919357522031,Proxima#6947,‡πÅ‡∏á‡πâ‡∏ß
2024-11-08,10:37:47,Lunar,bot-test,719416126769201212,Lunar#5844,‡∏™‡∏∏‡πâ‡πÜ‡∏ô‡∏∞‡∏Ñ‡∏∞:innocent:
2024-11-08,10:38:12,Lunar,bot-test,450133451287298068,darknessln,‡πÅ‡∏õ‡∏•
2024-11-08,10:38:13,Lunar,bot-test,1293592919357522031,Proxima#6947,‡∏™‡∏ß‡∏±‡∏™‡∏î‡∏µ‡∏à‡∏£‡πâ‡∏≤‡∏≤‡∏≤
2024-11-08,10:40:57,Bot Test,general,450133451287298068,darknessln,c'h;;;
2024-11-08,10:41:07,Bot Test,general,1293592919357522031,Proxima#6947,‡πÅ‡∏á‡πâ‡∏ß‡∏ß‡∏ß
2024-11-08,10:41:07,Bot Test,general,719416126769201212,Lunar#5844,‡∏™‡∏∏‡πâ‡πÜ‡∏ô‡∏∞‡∏Ñ‡∏∞:innocent:
2024-11-08,10:41:16,Bot Test,channel1,1293592919357522031,Proxima#6947,‡∏´‡∏ô‡∏π‡∏´‡∏≤‡∏Ç‡πâ‡∏≠‡∏Ñ‡∏ß‡∏≤‡∏°‡πÑ‡∏°‡πà‡πÄ‡∏à‡∏≠‡∏≠‡πà‡∏∞‡∏Ñ‡∏∞
2024-11-08,10:41:23,Bot Test,channel1,450133451287298068,darknessln,‡πÅ‡∏õ‡∏•
2024-11-08,10:41:25,Bot Test,channel1,1293592919357522031,Proxima#6947,‡∏à‡∏∏‡∏Å‡∏Å‡∏£‡∏∏‡πâ‡∏ß
2024-11-08,10:41:34,Bot Test,channel1,1293592919357522031,Proxima#6947,‡∏à‡∏∏‡∏Å‡∏Å‡∏£‡∏∏‡πâ‡∏ß
2024-11-08,10:41:53,Bot Test,channel1,1293592919357522031,Proxima#6947,
2024-11-08,10:42:17,Bot Test,channel1,1293592919357522031,Proxima#6947,
2024-11-08,10:52:35,Bot Test,channel1,1293592919357522031,Proxima#6947,
2024-11-08,11:08:02,Bot Test,channel1,450133451287298068,darknessln,
2024-11-08,11:08:02,Bot Test,channel1,450133451287298068,darknessln,
2024-11-08,11:08:58,Bot Test,channel1,1293592919357522031,Proxima#6947,
2024-11-08,11:08:58,Bot Test,channel1,1293592919357522031,Proxima#6947,
2024-11-08,11:11:02,Lunar,bot-test,1293592919357522031,Proxima#6947,
2024-11-08,11:11:02,Lunar,bot-test,1293592919357522031,Proxima#6947,
2024-11-08,11:11:42,Lunar,bot-test,1293592919357522031,Proxima#6947,
2024-11-08,11:11:42,Lunar,bot-test,1293592919357522031,Proxima#6947,
2024-11-08,11:19:33,Lunar,bot-test,450133451287298068,darknessln,
2024-11-08,11:19:33,Lunar,bot-test,450133451287298068,darknessln,
2024-11-08,11:21:18,Lunar,bot-test,450133451287298068,darknessln,
2024-11-08,11:21:18,Lunar,bot-test,450133451287298068,darknessln,
2024-11-08,11:22:25,Lunar,bot-test,450133451287298068,darknessln,
2024-11-08,11:22:25,Lunar,bot-test,450133451287298068,darknessln,
2024-11-08,11:23:02,Lunar,bot-test,450133451287298068,darknessln,
2024-11-08,11:23:43,Lunar,bot-test,450133451287298068,darknessln,
2024-11-08,11:23:43,Lunar,bot-test,450133451287298068,darknessln,
2024-11-08,11:24:45,Lunar,bot-test,450133451287298068,darknessln,
2024-11-08,11:24:45,Lunar,bot-test,450133451287298068,darknessln,
2024-11-08,11:25:13,Lunar,bot-test,450133451287298068,darknessln,
2024-11-08,11:25:13,Lunar,bot-test,450133451287298068,darknessln,
2024-11-08,11:27:26,Lunar,bot-test,450133451287298068,darknessln,
2024-11-08,11:27:26,Lunar,bot-test,450133451287298068,darknessln,
2024-11-08,11:30:19,Lunar,bot-test,450133451287298068,darknessln,
2024-11-08,11:31:01,Lunar,bot-test,450133451287298068,darknessln,
2024-11-08,11:44:09,Lunar,bot-test,766952393967403068,bunny_lunari,
2024-11-08,11:46:17,Lunar,bot-test,450133451287298068,darknessln,
2024-11-08,11:48:17,Lunar,bot-test,450133451287298068,darknessln,
2024-11-08,11:50:01,Lunar,bot-test,450133451287298068,darknessln,
2024-11-08,11:55:59,Lunar,bot-test,450133451287298068,darknessln,
2024-11-08,12:05:22,Lunar,bot-test,1293592919357522031,Proxima#6947,"__darknessln__
aldrich.png"
2024-11-08,12:05:40,Lunar,bot-test,450133451287298068,darknessln,
2024-11-08,12:05:52,Lunar,bot-test,450133451287298068,darknessln,
2024-11-08,12:06:08,Lunar,bot-test,1293592919357522031,Proxima#6947,"__darknessln__
7a5d590bf00d1e5894c00f99e8c44ee5.jpg/n- 7a5d590bf00d1e5894c00f99e8cw~w44ee5.jpg/n- a99c24e591e56e103cee83783f9be4a0.jpg/n- aldrich.png/n- arm_pun_king.png"
2024-11-08,12:06:48,Lunar,bot-test,1293592919357522031,Proxima#6947,"__darknessln__
7a5d590bf00d1e5894c00f99e8c44ee5.jpg
- 7a5d590bf00d1e5894c00f99e8cw~w44ee5.jpg
- a99c24e591e56e103cee83783f9be4a0.jpg
- aldrich.png
- arm_pun_king.png"
2024-11-08,12:07:26,Lunar,bot-test,1293592919357522031,Proxima#6947,"__darknessln__
- 7a5d590bf00d1e5894c00f99e8c44ee5.jpg
- 7a5d590bf00d1e5894c00f99e8cw~w44ee5.jpg
- a99c24e591e56e103cee83783f9be4a0.jpg
- aldrich.png
- arm_pun_king.png"
2024-11-08,12:09:37,Lunar,bot-test,450133451287298068,darknessln,
2024-11-08,12:11:10,Lunar,bot-test,766952393967403068,bunny_lunari,
2024-11-08,12:11:26,Lunar,bot-test,1293592919357522031,Proxima#6947,"__bunny_lunari__
- IMG_0263.jpg"
2024-11-08,12:11:27,Lunar,bot-test,719416126769201212,Lunar#5844,‡∏ß‡πà‡∏≤‡πÑ‡∏á‡∏Ñ‡∏∞‡∏û‡∏µ‡πà Proxima:grin:
2024-11-08,12:16:53,Lunar,bot-test,450133451287298068,darknessln,/command
2024-11-08,12:17:21,Lunar,bot-test,1293592919357522031,Proxima#6947,"__Proxima Command__
    - /qr | ‡∏™‡∏£‡πâ‡∏≤‡∏á QR Code ‡∏à‡∏≤‡∏Å‡∏•‡∏¥‡∏á‡∏Ñ‡πå
    - /‡πÅ‡∏õ‡∏• | ‡πÄ‡∏õ‡∏•‡∏µ‡πà‡∏¢‡∏ô‡∏†‡∏≤‡∏©‡∏≤‡∏à‡∏≤‡∏Å‡∏Å‡∏≤‡∏£‡∏û‡∏¥‡∏°‡πÅ‡∏•‡πâ‡∏ß‡∏•‡∏∑‡∏°‡πÄ‡∏õ‡∏•‡∏µ‡πà‡∏¢‡∏ô‡∏†‡∏≤‡∏©‡∏≤
    - /file | ‡πÅ‡∏™‡∏î‡∏á‡∏£‡∏≤‡∏¢‡∏Å‡∏≤‡∏£‡πÑ‡∏ü‡∏•‡∏ó‡∏µ‡πà‡∏ù‡∏≤‡∏Å‡πÉ‡∏ß‡πâ‡∏ó‡∏±‡πâ‡∏á‡∏´‡∏°‡∏î"
2024-11-08,12:17:59,Lunar,bot-test,1293592919357522031,Proxima#6947,"__Proxima Command__
    -/qr | ‡∏™‡∏£‡πâ‡∏≤‡∏á QR Code ‡∏à‡∏≤‡∏Å‡∏•‡∏¥‡∏á‡∏Ñ‡πå
    -/‡πÅ‡∏õ‡∏• | ‡πÄ‡∏õ‡∏•‡∏µ‡πà‡∏¢‡∏ô‡∏†‡∏≤‡∏©‡∏≤‡∏à‡∏≤‡∏Å‡∏Å‡∏≤‡∏£‡∏û‡∏¥‡∏°‡πÅ‡∏•‡πâ‡∏ß‡∏•‡∏∑‡∏°‡πÄ‡∏õ‡∏•‡∏µ‡πà‡∏¢‡∏ô‡∏†‡∏≤‡∏©‡∏≤
    -/file | ‡πÅ‡∏™‡∏î‡∏á‡∏£‡∏≤‡∏¢‡∏Å‡∏≤‡∏£‡πÑ‡∏ü‡∏•‡∏ó‡∏µ‡πà‡∏ù‡∏≤‡∏Å‡πÉ‡∏ß‡πâ‡∏ó‡∏±‡πâ‡∏á‡∏´‡∏°‡∏î"
2024-11-08,12:18:43,Lunar,bot-test,1293592919357522031,Proxima#6947,"__Proxima Command__
- /qr | ‡∏™‡∏£‡πâ‡∏≤‡∏á QR Code ‡∏à‡∏≤‡∏Å‡∏•‡∏¥‡∏á‡∏Ñ‡πå
- /‡πÅ‡∏õ‡∏• | ‡πÄ‡∏õ‡∏•‡∏µ‡πà‡∏¢‡∏ô‡∏†‡∏≤‡∏©‡∏≤‡∏à‡∏≤‡∏Å‡∏Å‡∏≤‡∏£‡∏û‡∏¥‡∏°‡πÅ‡∏•‡πâ‡∏ß‡∏•‡∏∑‡∏°‡πÄ‡∏õ‡∏•‡∏µ‡πà‡∏¢‡∏ô‡∏†‡∏≤‡∏©‡∏≤
- /file | ‡πÅ‡∏™‡∏î‡∏á‡∏£‡∏≤‡∏¢‡∏Å‡∏≤‡∏£‡πÑ‡∏ü‡∏•‡∏ó‡∏µ‡πà‡∏ù‡∏≤‡∏Å‡πÉ‡∏ß‡πâ‡∏ó‡∏±‡πâ‡∏á‡∏´‡∏°‡∏î"
2024-11-08,12:19:24,Lunar,bot-test,1293592919357522031,Proxima#6947,"__Proxima Command__
- /qr   | ‡∏™‡∏£‡πâ‡∏≤‡∏á QR Code ‡∏à‡∏≤‡∏Å‡∏•‡∏¥‡∏á‡∏Ñ‡πå
- /‡πÅ‡∏õ‡∏•  | ‡πÄ‡∏õ‡∏•‡∏µ‡πà‡∏¢‡∏ô‡∏†‡∏≤‡∏©‡∏≤‡∏à‡∏≤‡∏Å‡∏Å‡∏≤‡∏£‡∏û‡∏¥‡∏°‡πÅ‡∏•‡πâ‡∏ß‡∏•‡∏∑‡∏°‡πÄ‡∏õ‡∏•‡∏µ‡πà‡∏¢‡∏ô‡∏†‡∏≤‡∏©‡∏≤
- /file | ‡πÅ‡∏™‡∏î‡∏á‡∏£‡∏≤‡∏¢‡∏Å‡∏≤‡∏£‡πÑ‡∏ü‡∏•‡∏ó‡∏µ‡πà‡∏ù‡∏≤‡∏Å‡πÉ‡∏ß‡πâ‡∏ó‡∏±‡πâ‡∏á‡∏´‡∏°‡∏î"
2024-11-08,12:19:34,Lunar,bot-test,1293592919357522031,Proxima#6947,"__Proxima Command__
- /qr   | ‡∏™‡∏£‡πâ‡∏≤‡∏á QR Code ‡∏à‡∏≤‡∏Å‡∏•‡∏¥‡∏á‡∏Ñ‡πå
- /‡πÅ‡∏õ‡∏•  | ‡πÄ‡∏õ‡∏•‡∏µ‡πà‡∏¢‡∏ô‡∏†‡∏≤‡∏©‡∏≤‡∏à‡∏≤‡∏Å‡∏Å‡∏≤‡∏£‡∏û‡∏¥‡∏°‡πÅ‡∏•‡πâ‡∏ß‡∏•‡∏∑‡∏°‡πÄ‡∏õ‡∏•‡∏µ‡πà‡∏¢‡∏ô‡∏†‡∏≤‡∏©‡∏≤
- /file | ‡πÅ‡∏™‡∏î‡∏á‡∏£‡∏≤‡∏¢‡∏Å‡∏≤‡∏£‡πÑ‡∏ü‡∏•‡∏ó‡∏µ‡πà‡∏ù‡∏≤‡∏Å‡πÉ‡∏ß‡πâ‡∏ó‡∏±‡πâ‡∏á‡∏´‡∏°‡∏î"
